{
  "_class": "sharedStyle",
  "do_objectID": "B497324E-E564-4A2A-94AD-6FC2E2758C5B",
  "name": "Gradient/2",
  "value": {
    "_class": "style",
    "borders": [
      {
        "_class": "border",
        "color": {
          "_class": "color",
          "alpha": 1,
          "blue": 0.7657578656462585,
          "green": 0.7657578656462585,
          "red": 0.7657578656462585
        },
        "fillType": 0,
        "isEnabled": false,
        "position": 1,
        "thickness": 1
      }
    ],
    "endMarkerType": 0,
    "fills": [
      {
        "_class": "fill",
        "color": {
          "_class": "color",
          "alpha": 1,
          "blue": 0.2584236819727891,
          "green": 0.1635533675541042,
          "red": 0.142508261491939
        },
        "fillType": 1,
        "gradient": {
          "_class": "gradient",
          "elipseLength": 0,
          "from": "{0.23741869103248375, 1}",
          "gradientType": 0,
          "stops": [
            {
              "_class": "gradientStop",
              "color": {
                "_class": "color",
                "alpha": 1,
                "blue": 0.6509803921568627,
                "green": 0.6784313725490196,
                "red": 0.996078431372549
              },
              "position": 0
            },
            {
              "_class": "gradientStop",
              "color": {
                "_class": "color",
                "alpha": 1,
                "blue": 0.9372549019607843,
                "green": 0.9372549019607843,
                "red": 0.9607843137254902
              },
              "position": 1
            }
          ],
          "to": "{0.85441899004510447, 0}"
        },
        "isEnabled": true,
        "noiseIndex": 0,
        "noiseIntensity": 0,
        "patternFillType": 0,
        "patternTileScale": 1
      }
    ],
    "miterLimit": 10,
    "startMarkerType": 0,
    "windingRule": 1
  }
}